dataset_id,experiment_name,TV_X_mean_class_1,TV_X_std_class_1,TV_X_mean_class_2,TV_X_std_class_2,TV_X_mean_class_3,TV_X_std_class_3,TV_X_mean_class_4,TV_X_std_class_4,TV_X_mean_average,TV_X_std_average
2001,MagPhase_noise_transfer_aug13_rot_y,0.7009764504129227,0.0478797319083389,0.7707581334049475,0.0715387395016774,0.714902236811951,0.1056794882077116,0.7375741591969682,0.0719296263537505,0.7325636179486412,0.0525139684640651
2004,MagPhase_noise_transfer_aug16_rot_xyz,0.7036295317773245,0.0487470463064482,0.7829388332291001,0.0611229517943252,0.7771944844782537,0.1732193804556193,0.7387053898728181,0.0819029886172967,0.7525823194252137,0.0729180214204303
2005,MagPhase_noise_transfer_aug17_trans_y,0.7059831900512435,0.0463505055643533,0.7823676856885167,0.061034391996004,0.7427627086180721,0.1064572269843919,0.7492401467766323,0.091225214581144,0.7478152385052047,0.0592209300389545
2006,MagPhase_noise_transfer_aug18_trans_x,0.7028447666811296,0.0472310317532682,0.7801320135287348,0.0619206528972247,0.7347950223916886,0.0958452203008957,0.7468678522988975,0.0829331862344425,0.7436702122026315,0.0528465821026524
2010,MagPhase_noise_transfer_aug19_trans_z,0.7033307458837079,0.0475878971216423,0.7783717294994353,0.060617767919497,0.7237238141622351,0.1072183560966274,0.7432728278730175,0.0812205840913421,0.7389117830586195,0.0561989927024634
2011,MagPhase_noise_transfer_aug22_trans_xz,0.7027345365277212,0.0483239269728289,0.7810980284375395,0.0650742544744914,0.7245265581866728,0.0858059858677809,0.7551046449786024,0.097971806800555,0.7426705374361867,0.0538207305076307
