dataset_id,experiment_name,TV_X_mean_class_1,TV_X_std_class_1,TV_X_mean_class_2,TV_X_std_class_2,TV_X_mean_class_3,TV_X_std_class_3,TV_X_mean_class_4,TV_X_std_class_4,TV_X_mean_average,TV_X_std_average
1734,MagPhase_patch_5_adamw_aug_13,0.7028199443403291,0.0481035019497843,0.7750672676721118,0.0628629124711234,0.678805879798915,0.08686517030177,0.7342516425473191,0.0818820107126759,0.7240856716600051,0.0551552420509752
1737,MagPhase_patch_5_adamw_aug_16,0.7046097485846446,0.0495732838794593,0.7809191211534259,0.0647632437429915,0.7275076128314366,0.1193054258285931,0.7612668784428737,0.118214368984948,0.7442775456090583,0.0636681994987702
1738,MagPhase_patch_5_adamw_aug_17,0.706354093683857,0.0443134415383609,0.7727951604756318,0.0654061436400856,0.7217522720292624,0.145465614674415,0.7428670590764097,0.0786431534543581,0.738635581826179,0.0658176679679462
1739,MagPhase_patch_5_adamw_aug_18,0.7076518927240047,0.0476048380268272,0.7809653317843038,0.060664298409996,0.6897822730456383,0.0803285916660723,0.7791323061687482,0.1967964914313441,0.7380139436549749,0.0608997462538399
1740,MagPhase_patch_5_adamw_aug_19,0.7041116318474125,0.043328870100263,0.7734930622925437,0.0656420414095454,0.7046839656956984,0.093821466827774,0.7441459407819603,0.0863765869192006,0.7315600618654873,0.055283636413616
1744,MagPhase_patch_5_adamw_aug_23,0.7048831859638794,0.0437400714086283,0.7805355573696184,0.0608022906593192,0.721227283020004,0.1479230980831839,0.741476405182433,0.1020978830342538,0.737854635728104,0.070936600925929
