dataset_id,experiment_name,TV_X_mean_class_1,TV_X_std_class_1,TV_X_mean_class_2,TV_X_std_class_2,TV_X_mean_class_3,TV_X_std_class_3,TV_X_mean_class_4,TV_X_std_class_4,TV_X_mean_average,TV_X_std_average
1733,MagPhase_patch_5_adamw_aug_12,0.6886109126171408,0.0414263185276161,0.7607044371835963,0.0603473686310992,0.6412469237653334,0.0894202457709041,0.7233690881055012,0.1065030396560651,0.7030716861187705,0.0510815226631332
1735,MagPhase_patch_5_adamw_aug_14,0.6974905357137053,0.0431259448404549,0.7716578638793345,0.0614018589103517,0.6813612793309893,0.071693078839989,0.7313089841360313,0.1227565133094431,0.7209893973792467,0.0507476468613609
1736,MagPhase_patch_5_adamw_aug_15,0.6915499848284365,0.0462892832530583,0.7714804466174442,0.0634023045127704,0.6517104460901835,0.1090597681496672,0.7426342012794158,0.1680908236409074,0.7140106098324661,0.0621512139921171
1741,MagPhase_patch_5_adamw_aug_20,0.6929922305310351,0.0421794974287579,0.7715014217580651,0.0614614158400011,0.672409667633906,0.0844543645823873,0.7856469256049556,0.1753689490419789,0.7273196452291198,0.0628904422386621
1742,MagPhase_patch_5_adamw_aug_21,0.6940383657172745,0.0455477519339487,0.7610632831931097,0.0644574143524052,0.6648982728339298,0.0953675654191473,0.7543794521741568,0.1305973691240412,0.7184649911628722,0.0583183709562492
1743,MagPhase_patch_5_adamw_aug_22,0.6941353691906843,0.0412445130915386,0.7632072685465652,0.0591775613508312,0.6605188756654146,0.0825230557495698,0.7594141614367369,0.172365054036978,0.7147138697430591,0.0640593505164784
