dataset_id,experiment_name,TV_X_mean_class_1,TV_X_std_class_1,TV_X_mean_class_2,TV_X_std_class_2,TV_X_mean_class_3,TV_X_std_class_3,TV_X_mean_class_4,TV_X_std_class_4,TV_X_mean_average,TV_X_std_average
2012,MagPhase_noise_transfer_aug12_rot_xyz,0.688505320383639,0.0457912686219399,0.7603107828328963,0.0623798362976179,0.6959746110726593,0.1184075921297269,0.7446164243871191,0.1266350645366887,0.7221538026870431,0.0649336065471218
2002,MagPhase_noise_transfer_aug14_rot_x,0.6977017173538058,0.0447430366081942,0.7748124158007677,0.0627386416561297,0.7022405948958121,0.0802123570245053,0.7633204913702802,0.1187812449327174,0.7339762919765599,0.0539361803424229
2003,MagPhase_noise_transfer_aug15_rot_z,0.6940655076547919,0.0487725566061742,0.7682490252932604,0.0630232652730363,0.720220336916817,0.1185374875926295,0.711036308645883,0.0736146625063711,0.7267934168858818,0.0604182675788054
2007,MagPhase_noise_transfer_aug20_trans_xz,0.6923385807773197,0.0415971697878109,0.7698975967559826,0.0616915706905696,0.6968358070430959,0.0708639723316639,0.7381177516099302,0.0777126762513703,0.7260782034437302,0.04874936347121
2008,MagPhase_noise_transfer_aug21_rot_yz,0.6916028065445016,0.0491284785648848,0.7606135427591203,0.0655096101742097,0.7010366700450975,0.0950098985618199,0.7461992946741303,0.1755084620170286,0.7259635319603652,0.073171521234535
2009,MagPhase_noise_transfer_aug22_rot_xy,0.6957100688961866,0.0447996707643784,0.7638105696256487,0.0709667432825597,0.7243204556044648,0.1416234053436966,0.725378738885047,0.0706029264360411,0.7305874236375827,0.0714280758887356
