dataset_id,experiment_name,Relative_Z_Roughness_mean_class_1,Relative_Z_Roughness_mean_class_2,Relative_Z_Roughness_mean_class_3,Relative_Z_Roughness_mean_class_4,Relative_Z_Roughness_mean_average
2001,MagPhase_noise_transfer_aug13_rot_y,0.0009940275167481943,0.006998650462782904,0.020495028177405186,-0.00598446684415839,0.008058226770828111
2004,MagPhase_noise_transfer_aug16_rot_xyz,-0.0007478381002912066,-0.004198369158700796,0.0031500340919784903,0.006886559912057402,-0.0007070466269465947
2005,MagPhase_noise_transfer_aug17_trans_y,0.0011204238948298029,-0.002211809121635197,-0.0085756575557117,-0.009099146004832595,-0.0033055135229641958
2006,MagPhase_noise_transfer_aug18_trans_x,0.0013822189591258943,0.000605302731635407,-0.0036085612623771995,-0.008263118631825703,-0.0032596916736974957
2010,MagPhase_noise_transfer_aug19_trans_z,0.0008811754919348935,0.0001292536347886064,0.0040769002266631965,0.0178360269050358,0.0066446849753395015
2011,MagPhase_noise_transfer_aug22_trans_xz,-0.0008204797750253068,-0.0009751182897822924,-0.01501911237475391,-0.0007672668598778937,-0.004167818798376702
