dataset_id,experiment_name,Relative_Z_Roughness_mean_class_1,Relative_Z_Roughness_mean_class_2,Relative_Z_Roughness_mean_class_3,Relative_Z_Roughness_mean_class_4,Relative_Z_Roughness_mean_average
1734,MagPhase_patch_5_adamw_aug_13,0.0072555174697227914,0.0032923239074503924,-0.0037180503435758905,-0.015696580395497095,-0.0030231929283159042
1737,MagPhase_patch_5_adamw_aug_16,0.002616498316736396,-0.007017507734230294,-0.008409621612471496,0.0010539500341837926,-0.0042998118755721015
1738,MagPhase_patch_5_adamw_aug_17,0.005444177400483197,-0.007813424029268906,-0.01482461929730039,-0.009979808170346799,-0.007089180181320806
1739,MagPhase_patch_5_adamw_aug_18,0.0048215060509140956,-0.008858189392555102,-0.0189688998161312,0.0034058895937688904,-0.008398376043360203
1740,MagPhase_patch_5_adamw_aug_19,0.0026042667353830956,-0.007736754521431105,-0.029554208025192402,0.0008129419231258095,-0.0089810188804368
1744,MagPhase_patch_5_adamw_aug_23,0.0005021677768360933,-0.010942309788950902,0.0022998443242731037,-0.0028858231435689163,-0.002969714869320003
