dataset_id,experiment_name,Relative_Z_Roughness_mean_class_1,Relative_Z_Roughness_mean_class_2,Relative_Z_Roughness_mean_class_3,Relative_Z_Roughness_mean_class_4,Relative_Z_Roughness_mean_average
2012,MagPhase_noise_transfer_aug12_rot_xyz,0.023121713637634295,0.02659942759416431,0.0503385355998721,0.04649129232477919,0.037608204928454195
2002,MagPhase_noise_transfer_aug14_rot_x,0.011628732183494195,0.022230671838500304,0.024383798189135095,0.0359199778602218,0.02416813837992901
2003,MagPhase_noise_transfer_aug15_rot_z,0.0154725688291652,0.025116853520866206,0.015952418427644596,0.031540941644699616,0.02061811634649441
2007,MagPhase_noise_transfer_aug20_trans_xz,0.028162536164335894,0.030647228478248204,0.026186564664597803,0.050786422154796895,0.03321060131592281
2008,MagPhase_noise_transfer_aug21_rot_yz,0.017962718541388104,0.02089061367316991,0.029316865970350006,0.0456124577880338,0.025989797695236905
2009,MagPhase_noise_transfer_aug22_rot_xy,0.0218854412137149,0.022024829474041205,0.024193875953624697,0.027184819298911117,0.02204584545729671
