dataset_id,experiment_name,Relative_Z_Roughness_mean_class_1,Relative_Z_Roughness_mean_class_2,Relative_Z_Roughness_mean_class_3,Relative_Z_Roughness_mean_class_4,Relative_Z_Roughness_mean_average
1733,MagPhase_patch_5_adamw_aug_12,0.01948326154049189,0.019532651782101798,0.054729543228440314,0.061685442158544185,0.04025014144934691
1735,MagPhase_patch_5_adamw_aug_14,0.016350052460126288,0.011929790591746703,0.02312279448868651,0.05066956557956509,0.024666918258769488
1736,MagPhase_patch_5_adamw_aug_15,0.015873380937138387,0.0187350014359646,0.05114058632115531,0.045850394089391094,0.032828038459786296
1741,MagPhase_patch_5_adamw_aug_20,0.026989297108435395,0.024950246640656898,0.03335933223290771,0.03572905786744168,0.030093998374145697
1742,MagPhase_patch_5_adamw_aug_21,0.01968022311306969,0.016978873400788394,0.0305673197514999,0.061688530428599786,0.03167420370410151
1743,MagPhase_patch_5_adamw_aug_22,0.012952261772016596,0.018831113389654403,0.026458222657435415,0.023056345621611685,0.022468848769572003
