dataset_id,experiment_name,Relative_TV_Y_mean_class_1,Relative_TV_Y_mean_class_2,Relative_TV_Y_mean_class_3,Relative_TV_Y_mean_class_4,Relative_TV_Y_mean_average
2001,MagPhase_noise_transfer_aug13_rot_y,-0.0014802946166362352,0.008550517149294112,0.011639065277348037,0.019348335460716348,0.009277491360032308
2004,MagPhase_noise_transfer_aug16_rot_xyz,-0.010485445357255596,-0.0011371089727089112,0.000526554702711679,0.021321455413973345,0.001249325403067325
2005,MagPhase_noise_transfer_aug17_trans_y,-0.0027053514804084022,0.0019494715174768196,0.021067394673958018,0.011240526538702889,0.009569315732233963
2006,MagPhase_noise_transfer_aug18_trans_x,-0.004074757136289131,0.0027186775502715532,-0.0022844798457936077,-0.003440325359817975,-0.002558863239996656
2010,MagPhase_noise_transfer_aug19_trans_z,-0.0020426895699163783,0.003946078712237622,0.001663009291306472,0.01742707258251852,0.007178201734301171
2011,MagPhase_noise_transfer_aug22_trans_xz,-0.003261824727634144,0.002544734679716054,0.005072619067999717,0.012495504968979776,0.004545528360297757
