dataset_id,experiment_name,Relative_TV_Y_mean_class_1,Relative_TV_Y_mean_class_2,Relative_TV_Y_mean_class_3,Relative_TV_Y_mean_class_4,Relative_TV_Y_mean_average
1734,MagPhase_patch_5_adamw_aug_13,-0.004405749374852941,0.0016675689478296007,0.054397113496584826,-0.007295501620064648,0.01227044166716551
1737,MagPhase_patch_5_adamw_aug_16,-0.00149225573946421,-0.014712230969509243,0.0867760335244877,0.003787397403243742,0.019568935175352187
1738,MagPhase_patch_5_adamw_aug_17,-0.0022878620464981125,-0.008387538904852554,0.06427709058360243,0.006309922553826786,0.017405975169521026
1739,MagPhase_patch_5_adamw_aug_18,0.0016713252400478718,-0.003041091043497035,0.03269771070447536,0.0050832181990217995,0.009668782630449457
1740,MagPhase_patch_5_adamw_aug_19,-0.002001770055785057,-0.006398683303434072,0.059998023655027044,0.0014746327692132244,0.015180598962003744
1744,MagPhase_patch_5_adamw_aug_23,-0.0044039002152070905,-0.009743090496763362,0.05455624596690012,-0.01953322199566576,0.00666937184790195
