dataset_id,experiment_name,Relative_TV_Y_mean_class_1,Relative_TV_Y_mean_class_2,Relative_TV_Y_mean_class_3,Relative_TV_Y_mean_class_4,Relative_TV_Y_mean_average
1733,MagPhase_patch_5_adamw_aug_12,-0.012247755369891644,0.006295014758184059,-0.002885281487803759,-0.005770907085510757,-0.00048789182250463803
1735,MagPhase_patch_5_adamw_aug_14,-0.016096443453297637,-0.008533318910278087,0.02107186899869362,-0.04416350279034065,-0.007074142647720549
1736,MagPhase_patch_5_adamw_aug_15,-0.006888294724601729,-0.011987237097094483,-0.015890093285333418,-0.0019090981333529378,-0.00755803179792458
1741,MagPhase_patch_5_adamw_aug_20,-0.0192103631026439,-0.011760792673349951,0.01590476928720097,-0.00584788434348138,-0.0035543181323459683
1742,MagPhase_patch_5_adamw_aug_21,-0.012670034961392185,-0.006515507773309892,0.007431735706594056,0.00040067181034464383,0.0008963693514149051
1743,MagPhase_patch_5_adamw_aug_22,-0.010992950186183625,-0.0013626083627849006,0.00561767959478654,0.02749948275595071,0.0014328084042913858
