dataset_id,experiment_name,Relative_TV_Y_mean_class_1,Relative_TV_Y_mean_class_2,Relative_TV_Y_mean_class_3,Relative_TV_Y_mean_class_4,Relative_TV_Y_mean_average
2012,MagPhase_noise_transfer_aug12_rot_xyz,-0.007194611951851337,0.01667552918966997,-0.02186468132811381,0.013973849639218328,-0.001051477566090142
2002,MagPhase_noise_transfer_aug14_rot_x,-0.010095003763236132,-0.002837271544837039,-0.01809180859861803,0.027039343151371575,-0.004808365853822827
2003,MagPhase_noise_transfer_aug15_rot_z,-0.00857747010912746,-0.0027256068561877234,-0.02996046737572111,0.003604486878290958,-0.010138271477906247
2007,MagPhase_noise_transfer_aug20_trans_xz,-0.018693752231736305,-0.004316080315336923,-0.041343594824628016,0.014758047159485477,-0.014948340161381801
2008,MagPhase_noise_transfer_aug21_rot_yz,-0.009005718920534256,0.004461474904121077,0.005052119790311171,0.04417165322365868,0.008002683869632987
2009,MagPhase_noise_transfer_aug22_rot_xy,-0.00632027632130705,0.008633814924050576,-0.014606487630169473,0.008301143389230159,-0.0013537411961939139
