Experiment Name,Mode,Config,Dice_White Matter_Mean,Dice_White Matter_Std,HD95_White Matter_Mean,HD95_White Matter_Std,Dice_Gray Matter_Mean,Dice_Gray Matter_Std,HD95_Gray Matter_Mean,HD95_Gray Matter_Std,Dice_Lesion WM_Mean,Dice_Lesion WM_Std,HD95_Lesion WM_Mean,HD95_Lesion WM_Std,Dice_Lesion GM_Mean,Dice_Lesion GM_Std,HD95_Lesion GM_Mean,HD95_Lesion GM_Std,Dice_Total_Mean,Dice_Total_Std,HD95_Total_Mean,HD95_Total_Std
patchsize_5_adamw,validation,Cross-Fold,0.8366967981856344,0.09223847481983823,0.7640691669846408,0.09613108657450088,0.8236859478110248,0.07897700500373617,0.9581784687976379,0.19101077592488222,0.7474150156286359,0.07950130669108986,1.5896011462523714,0.771117895979991,0.6652737342670729,0.09160219750111057,1.0512098861701573,0.6227114685289596,0.768267873973092,0.0770123148725238,1.090764667051202,0.33792122724831003
patch_5_adamw_aug_9,validation,Cross-Fold,0.8062755757039398,0.1043973589327194,0.9403906774442485,0.16378941214204498,0.7959519736438462,0.08907222093260754,1.1078232563231338,0.1834861613095407,0.6958151910156148,0.0996009131469478,1.782790061127524,1.0100865914532924,0.599536753345233,0.10892096454906457,1.081393995047181,0.5411460784984227,0.7243948734271585,0.09127114581960973,1.2280994974855217,0.38087274173457303
patch_5_adamw_aug_10,validation,Cross-Fold,0.7718040361007095,0.11598340455922772,0.9831607501270155,0.17320406962799706,0.6632370982700092,0.13255131760753938,1.7728179806719058,0.15330968759130437,0.5083753251782289,0.12369583918498471,2.940152709827726,0.705792012966901,0.4147361422384268,0.09215290034421093,1.4992326399940272,0.8371745868999765,0.5895381504468435,0.09761538030055648,1.7988410201551686,0.26483135540280595
patch_5_adamw_aug_11,validation,Cross-Fold,0.7992209703853401,0.10472716415899015,0.9681576624640749,0.18478929730253582,0.7766639665254269,0.09129166403196072,1.2028840952098676,0.2804067289788823,0.6635667321398497,0.11787149024288367,1.7526983751091896,0.9551940362689108,0.5446839982698989,0.11607597179380005,1.1881001689517223,0.6547097234968356,0.6960339168301288,0.09678390421119348,1.2779600754337137,0.4575694015721127
