Experiment Name,Mode,Config,Dice_White Matter_Mean,Dice_White Matter_Std,HD95_White Matter_Mean,HD95_White Matter_Std,Dice_Gray Matter_Mean,Dice_Gray Matter_Std,HD95_Gray Matter_Mean,HD95_Gray Matter_Std,Dice_Lesion WM_Mean,Dice_Lesion WM_Std,HD95_Lesion WM_Mean,HD95_Lesion WM_Std,Dice_Lesion GM_Mean,Dice_Lesion GM_Std,HD95_Lesion GM_Mean,HD95_Lesion GM_Std,Dice_Total_Mean,Dice_Total_Std,HD95_Total_Mean,HD95_Total_Std
patchsize_5_adamw,validation,Cross-Fold,0.8366967981856344,0.09223847481983823,0.7640691669846408,0.09613108657450088,0.8236859478110248,0.07897700500373617,0.9581784687976379,0.19101077592488222,0.7474150156286359,0.07950130669108986,1.5896011462523714,0.771117895979991,0.6652737342670729,0.09160219750111057,1.0512098861701573,0.6227114685289596,0.768267873973092,0.0770123148725238,1.090764667051202,0.33792122724831003
patch_5_adamw_mag_one_channel,validation,Cross-Fold,0.8331297483090881,0.0942681720444427,0.7505294030307578,0.13601951476556365,0.8232564818106655,0.0784892044192158,1.074812907508024,0.2058131558897893,0.726567831409159,0.10119757059478308,1.6550224189378984,1.1478208276629105,0.6563356124703902,0.10451595225003789,0.9729103475992711,0.5814414039554522,0.7598224184998257,0.08559649145939838,1.1133187692689877,0.4085945903593872
