Experiment Name,Mode,Config,Dice_White Matter_Mean,Dice_White Matter_Std,HD95_White Matter_Mean,HD95_White Matter_Std,Dice_Gray Matter_Mean,Dice_Gray Matter_Std,HD95_Gray Matter_Mean,HD95_Gray Matter_Std,Dice_Lesion WM_Mean,Dice_Lesion WM_Std,HD95_Lesion WM_Mean,HD95_Lesion WM_Std,Dice_Lesion GM_Mean,Dice_Lesion GM_Std,HD95_Lesion GM_Mean,HD95_Lesion GM_Std,Dice_Total_Mean,Dice_Total_Std,HD95_Total_Mean,HD95_Total_Std
patchsize_5,validation,Cross-Fold,0.8335094755011893,0.09148356481283972,0.7778842461335655,0.10144168861442476,0.8257859506660036,0.07817286033001086,0.9558659308618028,0.11826265921053339,0.7330577384796564,0.07618967623894073,1.6361521397480945,0.9716883353620601,0.666634585220918,0.08666097202407459,0.9186495087271898,0.47327200922266427,0.7647469374669418,0.07640188518656854,1.072137956367663,0.3443101752770159
patchsize_5_adamw,validation,Cross-Fold,0.8366967981856344,0.09223847481983823,0.7640691669846408,0.09613108657450088,0.8236859478110248,0.07897700500373617,0.9581784687976379,0.19101077592488222,0.7474150156286359,0.07950130669108986,1.5896011462523714,0.771117895979991,0.6652737342670729,0.09160219750111057,1.0512098861701573,0.6227114685289596,0.768267873973092,0.0770123148725238,1.090764667051202,0.33792122724831003
