Experiment Name,Mode,Config,Dice_White Matter_Mean,Dice_White Matter_Std,HD95_White Matter_Mean,HD95_White Matter_Std,Dice_Gray Matter_Mean,Dice_Gray Matter_Std,HD95_Gray Matter_Mean,HD95_Gray Matter_Std,Dice_Lesion WM_Mean,Dice_Lesion WM_Std,HD95_Lesion WM_Mean,HD95_Lesion WM_Std,Dice_Lesion GM_Mean,Dice_Lesion GM_Std,HD95_Lesion GM_Mean,HD95_Lesion GM_Std,Dice_Total_Mean,Dice_Total_Std,HD95_Total_Mean,HD95_Total_Std
patchsize_5_adamw,validation,Cross-Fold,0.8366967981856344,0.09223847481983823,0.7640691669846408,0.09613108657450088,0.8236859478110248,0.07897700500373617,0.9581784687976379,0.19101077592488222,0.7474150156286359,0.07950130669108986,1.5896011462523714,0.771117895979991,0.6652737342670729,0.09160219750111057,1.0512098861701573,0.6227114685289596,0.768267873973092,0.0770123148725238,1.090764667051202,0.33792122724831003
patchsize_5_adamw_phase_prepro,validation,Cross-Fold,0.7503137448077652,0.15668868963073224,0.8529385658881016,0.2088407206639292,0.7426050758538636,0.1315047955776358,1.0623440456289317,0.4266800105751198,0.6882290806318467,0.10181073037787178,1.234771778616079,0.7801223238396916,0.5906987762274345,0.10483527800901754,0.7995529729947783,0.44482554467275426,0.6929616693802275,0.12214137741752551,0.9874018407819726,0.448352853236562
patchsize_5_adamw_mag_prepro,validation,Cross-Fold,0.8006257494449946,0.10449601638998357,0.8456058805075841,0.15515018403659547,0.7929779276349649,0.08879247544665346,0.9437930896508628,0.3652066694837624,0.6890918660373877,0.0899138518017704,0.9753850925417206,0.7001725516633388,0.6347054285654349,0.08914907712960998,0.6363116190487582,0.5116251005159241,0.7293502429206954,0.08739365702315144,0.8502739204372314,0.43303862642490526
