Experiment Name,Mode,Config,Dice_White Matter_Mean,Dice_White Matter_Std,HD95_White Matter_Mean,HD95_White Matter_Std,Dice_Gray Matter_Mean,Dice_Gray Matter_Std,HD95_Gray Matter_Mean,HD95_Gray Matter_Std,Dice_Lesion WM_Mean,Dice_Lesion WM_Std,HD95_Lesion WM_Mean,HD95_Lesion WM_Std,Dice_Lesion GM_Mean,Dice_Lesion GM_Std,HD95_Lesion GM_Mean,HD95_Lesion GM_Std,Dice_Total_Mean,Dice_Total_Std,HD95_Total_Mean,HD95_Total_Std
patchsize_5_adamw,validation,Cross-Fold,0.8366967981856344,0.09223847481983823,0.7640691669846408,0.09613108657450088,0.8236859478110248,0.07897700500373617,0.9581784687976379,0.19101077592488222,0.7474150156286359,0.07950130669108986,1.5896011462523714,0.771117895979991,0.6652737342670729,0.09160219750111057,1.0512098861701573,0.6227114685289596,0.768267873973092,0.0770123148725238,1.090764667051202,0.33792122724831003
patchsize_5_soft_loss_fixed,validation,Cross-Fold,0.8334781799032611,0.0938467269690441,0.7603812232502949,0.15445900695101747,0.8176220271561421,0.07840957156349833,0.9193102142133672,0.24147901773359393,0.7283168626388847,0.077819625524094,1.5100027244369643,0.8336312245104558,0.6503050370927035,0.07327895753925316,1.078631349375917,0.6256686057467724,0.7574305266977477,0.07458752873105949,1.067081377819136,0.37048513631191
patchsize_5_soft_loss_2_fixed,validation,Cross-Fold,0.8315155974357584,0.09314885997584546,0.789311856613319,0.16064875279986188,0.821179879058741,0.07942370158163528,0.9191584235917809,0.19840445590280148,0.7331974435103371,0.08044551695492995,1.5486225369353166,0.9946548602850939,0.6662749207237675,0.07770879236197634,1.018623947589866,0.5571591059137581,0.763041960182151,0.07567036985675096,1.0689291911825707,0.37969991638181866
patch_5_adamw_soft_loss_3,validation,Cross-Fold,0.8277952166911487,0.09348493157908827,0.7749149324545743,0.07915649500168288,0.8206648329108912,0.07837473033470183,0.9937940209628027,0.19434976082231137,0.726971186267198,0.0885149481331239,1.5308509822515144,0.8714933146683059,0.6580065842032741,0.09374120920641195,0.9702276567205954,0.4867184052535347,0.7583594550181281,0.08066322497120879,1.0674468980973715,0.3084175394269117
