Experiment Name,Mode,Config,Dice_White Matter_Mean,Dice_White Matter_Std,HD95_White Matter_Mean,HD95_White Matter_Std,Dice_Gray Matter_Mean,Dice_Gray Matter_Std,HD95_Gray Matter_Mean,HD95_Gray Matter_Std,Dice_Lesion WM_Mean,Dice_Lesion WM_Std,HD95_Lesion WM_Mean,HD95_Lesion WM_Std,Dice_Lesion GM_Mean,Dice_Lesion GM_Std,HD95_Lesion GM_Mean,HD95_Lesion GM_Std,Dice_Total_Mean,Dice_Total_Std,HD95_Total_Mean,HD95_Total_Std
patchsize_5_adamw,validation,Cross-Fold,0.8366967981856344,0.09223847481983823,0.7640691669846408,0.09613108657450088,0.8236859478110248,0.07897700500373617,0.9581784687976379,0.19101077592488222,0.7474150156286359,0.07950130669108986,1.5896011462523714,0.771117895979991,0.6652737342670729,0.09160219750111057,1.0512098861701573,0.6227114685289596,0.768267873973092,0.0770123148725238,1.090764667051202,0.33792122724831003
patchsize_5_adamw,validation,Cross-Fold (TTA),0.8378394248980999,0.091754538074942,0.7171308123878659,0.125353360247858,0.8269087988278214,0.07848807494945054,0.9266647072488454,0.18027015335111798,0.7499004387143622,0.08281305501438044,1.3836108631372777,0.9184454699823008,0.6727938246631815,0.09809467734568955,0.961484574816223,0.518761542507456,0.7718606217758662,0.07930415863839446,0.9972227393975528,0.34557709546565685
