dataset_id,experiment_name,Dice_mean_class_1,Dice_std_class_1,Dice_mean_class_2,Dice_std_class_2,Dice_mean_class_3,Dice_std_class_3,Dice_mean_class_4,Dice_std_class_4,Dice_mean_average,Dice_std_average
2001,MagPhase_noise_transfer_aug13_rot_y,0.8390929170829868,0.1029602944346362,0.8233622164715962,0.0916715612401881,0.7496460986896616,0.094940775502804,0.6712681403557113,0.1195935314491894,0.7708423431499889,0.06667229667792911
2004,MagPhase_noise_transfer_aug16_rot_xyz,0.8382524212433224,0.1023425942524621,0.8262781728112208,0.0878942283531892,0.7469171695140464,0.0960761231411246,0.6636249499731959,0.1165245630222106,0.7687681783854463,0.07012136716799237
2005,MagPhase_noise_transfer_aug17_trans_y,0.8407887891218597,0.1036326729570562,0.82882196987969,0.0896550875159398,0.7520121671317139,0.0926667962747525,0.6727638313344418,0.1252855715074734,0.7735966893669264,0.0674495491762397
2006,MagPhase_noise_transfer_aug18_trans_x,0.8398199246120055,0.1014983212574282,0.8280058981906314,0.0897710966689238,0.7501506580802422,0.0972340411531968,0.6698616148280081,0.126362162863706,0.7719595239277217,0.0682748850624013
2010,MagPhase_noise_transfer_aug19_trans_z,0.8363668425824682,0.1066623875192691,0.8274135465632535,0.0913853592162489,0.7472930814753453,0.1036238928456413,0.672323338505386,0.1136108685088423,0.7708492022816132,0.06662267424626418
2011,MagPhase_noise_transfer_aug22_trans_xz,0.8400093694138263,0.0990445300724523,0.8276820270244558,0.086155786700109,0.7468719811020614,0.0930910623904676,0.6727930588535107,0.1102856872671266,0.7718391090984635,0.06745200779715137
