dataset_id,experiment_name,Dice_mean_class_1,Dice_std_class_1,Dice_mean_class_2,Dice_std_class_2,Dice_mean_class_3,Dice_std_class_3,Dice_mean_class_4,Dice_std_class_4,Dice_mean_average,Dice_std_average
1734,MagPhase_patch_5_adamw_aug_13,0.8308394786137869,0.1039520942268916,0.8175126623685837,0.0950660739201376,0.736818957490909,0.0923449746020213,0.6563588004341587,0.1069980520594582,0.7603824747268597,0.07000752083630721
1737,MagPhase_patch_5_adamw_aug_16,0.8287863633075261,0.1077303549779214,0.8208326695673616,0.0913044947583083,0.737161192923593,0.1022595967700997,0.6566865793044708,0.114632924603522,0.7608667012757379,0.07004364136708992
1738,MagPhase_patch_5_adamw_aug_17,0.8243743639131093,0.1112638925132142,0.819315353100024,0.0969273687393745,0.7192594992481448,0.1003211127299884,0.646351181381428,0.1218295174443297,0.7523250994106765,0.07416635999778294
1739,MagPhase_patch_5_adamw_aug_18,0.8341431877536261,0.1073653380517737,0.8213669337514884,0.096149375190343,0.745979573265732,0.1011517914596502,0.6601660389747951,0.1224004164271551,0.7654139334364104,0.06947888579832472
1740,MagPhase_patch_5_adamw_aug_19,0.8246326581434229,0.1109099889527242,0.8213137169626197,0.0960193086610684,0.7306032432803111,0.1033184422457453,0.6600653771568604,0.117363012285819,0.7591537488858034,0.06852916527125662
1744,MagPhase_patch_5_adamw_aug_23,0.8386848851669272,0.1035054881920378,0.8246619656595641,0.0930019709768608,0.7350296833461794,0.1039408246130618,0.6648725921805472,0.1111420947896863,0.7658122815883044,0.07055156079046862
