dataset_id,experiment_name,Dice_mean_class_1,Dice_std_class_1,Dice_mean_class_2,Dice_std_class_2,Dice_mean_class_3,Dice_std_class_3,Dice_mean_class_4,Dice_std_class_4,Dice_mean_average,Dice_std_average
1733,MagPhase_patch_5_adamw_aug_12,0.8335734787369842,0.1047762993086484,0.8102031662606175,0.0928990508051722,0.7116901408070829,0.117852814361741,0.6198214359039061,0.1073982094428741,0.7438220554271477,0.08495643507252071
1735,MagPhase_patch_5_adamw_aug_14,0.8319851859224846,0.1038764100541074,0.8174678729453788,0.0947042235745354,0.725099010035338,0.0968405013475432,0.6511545599960693,0.1041998854841403,0.7564266572248177,0.07331227252133131
1736,MagPhase_patch_5_adamw_aug_15,0.8276538236007915,0.1075329216946148,0.8122668628185207,0.0958119533218932,0.7132630108947439,0.1203067454635442,0.6277854702337896,0.1365981155206509,0.7452422918869613,0.08078170125966563
1741,MagPhase_patch_5_adamw_aug_20,0.8168977630108935,0.1108442721643028,0.8025373483933929,0.092700318666811,0.7007041616848803,0.1099741718571866,0.6116269684576638,0.0968558197962839,0.7329415603867075,0.0831394878462031
1742,MagPhase_patch_5_adamw_aug_21,0.8186508992331663,0.1131727418732029,0.8065253523371436,0.0962345619664139,0.7056310787157491,0.1212620969360877,0.6278293894167533,0.1127166701063957,0.7396591799257031,0.0780618191713081
1743,MagPhase_patch_5_adamw_aug_22,0.8245167373554698,0.1109857912549281,0.8124986794650723,0.0947914530934863,0.7126646930666964,0.0982107400794354,0.6302953045439038,0.0842784171128897,0.7449938536077855,0.07918605043222814
