dataset_id,experiment_name,Dice_mean_class_1,Dice_std_class_1,Dice_mean_class_2,Dice_std_class_2,Dice_mean_class_3,Dice_std_class_3,Dice_mean_class_4,Dice_std_class_4,Dice_mean_average,Dice_std_average
2012,MagPhase_noise_transfer_aug12_rot_xyz,0.824421802242985,0.1138156154142741,0.8085208169932319,0.095464184058978,0.7163491110968107,0.1079780796148651,0.623568206812427,0.1060414183044174,0.7432149842863636,0.08046198725223011
2002,MagPhase_noise_transfer_aug14_rot_x,0.8357127180289973,0.1060857685067985,0.8263700949519026,0.0853768640757318,0.740228493519845,0.1014179604354661,0.6689382332206079,0.0972199757548506,0.7678123849303382,0.0681476881110855
2003,MagPhase_noise_transfer_aug15_rot_z,0.8309341367437119,0.1056273735491646,0.818432639019979,0.0922097857798133,0.7240845256927699,0.1153942579975967,0.6488071043834348,0.1280587597312006,0.755564601459974,0.07419756624696154
2007,MagPhase_noise_transfer_aug20_trans_xz,0.8181965383519149,0.1173300142821014,0.810402591717361,0.0884786772871527,0.7095906411809296,0.119191779987231,0.6225404276695317,0.1114459172802232,0.7401825497299342,0.08030032762849074
2008,MagPhase_noise_transfer_aug21_rot_yz,0.8288341023651472,0.1042927344025167,0.8193045700463616,0.0871322459736734,0.7228978539182881,0.1112440845132272,0.6434042122829315,0.1193131833761251,0.7536101846531821,0.07593252543107933
2009,MagPhase_noise_transfer_aug22_rot_xy,0.8295563430592136,0.1039846925027945,0.8176842859711341,0.0880944191032059,0.7269353674392235,0.1039200586591277,0.6483149983455949,0.0922551723045563,0.7556227487037914,0.07357942972233064
