dataset_id,experiment_name,inter_slice_dice_mean_class_1,inter_slice_dice_std_class_1,inter_slice_dice_mean_class_2,inter_slice_dice_std_class_2,inter_slice_dice_mean_class_3,inter_slice_dice_std_class_3,inter_slice_dice_mean_class_4,inter_slice_dice_std_class_4,inter_slice_dice_mean_average,inter_slice_dice_std_average
1734,MagPhase_patch_5_adamw_aug_13,0.9582363830216354,0.0365282655125034,0.9383627121732792,0.0578632101840537,0.8460893208095395,0.1294732151703136,0.8897946413785633,0.0832432061037644,0.9102461176415586,0.052517278298672
1737,MagPhase_patch_5_adamw_aug_16,0.9620441063062805,0.0328658364492455,0.9437020528210528,0.0544689328419856,0.8370857683158573,0.1484953499744546,0.8648070036478486,0.1288984885290428,0.9035961135881914,0.0605422865998524
1738,MagPhase_patch_5_adamw_aug_17,0.95804479557702,0.0368171570150713,0.9417953621556938,0.0553725532084241,0.8331560360364967,0.1582017435647361,0.8789935126306986,0.1053458942716592,0.9035514785849514,0.0608263981709512
1739,MagPhase_patch_5_adamw_aug_18,0.9596615138627008,0.0349283773411916,0.946061176117422,0.0518638211238664,0.8635192779047622,0.1211431209613605,0.8605856056528666,0.1320716841719691,0.9134522863088188,0.0560756199708807
1740,MagPhase_patch_5_adamw_aug_19,0.9623239005629108,0.0313208820964981,0.9460129909954046,0.0482569834800018,0.8589340478549713,0.1210060179215823,0.8802513291424078,0.0907979264106466,0.9109521820387168,0.0456801479915048
1744,MagPhase_patch_5_adamw_aug_23,0.9597975253262824,0.0408071647370724,0.9465925718313736,0.0517259394996694,0.8263382172363383,0.1539658151572611,0.837142593875775,0.1614670297937133,0.895861988750601,0.0732153363584078
