dataset_id,experiment_name,inter_slice_dice_mean_class_1,inter_slice_dice_std_class_1,inter_slice_dice_mean_class_2,inter_slice_dice_std_class_2,inter_slice_dice_mean_class_3,inter_slice_dice_std_class_3,inter_slice_dice_mean_class_4,inter_slice_dice_std_class_4,inter_slice_dice_mean_average,inter_slice_dice_std_average
2001,MagPhase_noise_transfer_aug13_rot_y,0.9653774316491874,0.0296313146869739,0.945400963609143,0.0585983025672546,0.8569643959650937,0.1297967667913942,0.9024393340470122,0.0713885824059191,0.9165619222492052,0.0468504119197102
2004,MagPhase_noise_transfer_aug16_rot_xyz,0.964899730689577,0.0349864693865153,0.9538533992855291,0.0460871383958481,0.8725670765547493,0.1250529756145855,0.8977261427238307,0.0809578081720792,0.9253386036408354,0.0506699574466556
2005,MagPhase_noise_transfer_aug17_trans_y,0.964918721407974,0.0322994839117721,0.9549825836730051,0.0417394985033608,0.8754698234578169,0.1039643613166129,0.902440745630151,0.0736429886170401,0.9241205898811662,0.0403976368609347
2006,MagPhase_noise_transfer_aug18_trans_x,0.9651326950993748,0.0323440995673855,0.9528076551396366,0.0455693969379027,0.8753613532478246,0.1203322045832855,0.9108059485455644,0.0677428451213627,0.9276606050763064,0.0451355428289983
2010,MagPhase_noise_transfer_aug19_trans_z,0.9655611157745568,0.0303949367271118,0.9516880711375872,0.0419868950118776,0.8587974006875191,0.1257482062265308,0.8822710732791723,0.1064709260429564,0.914274853560153,0.0478827908136004
2011,MagPhase_noise_transfer_aug22_trans_xz,0.964004135141011,0.0363797628564517,0.9509069948841692,0.0486845528731143,0.8804901905766989,0.1146842552865343,0.901921273323404,0.080655364617012,0.925216696081696,0.0462761881409196
