dataset_id,experiment_name,inter_slice_dice_mean_class_1,inter_slice_dice_std_class_1,inter_slice_dice_mean_class_2,inter_slice_dice_std_class_2,inter_slice_dice_mean_class_3,inter_slice_dice_std_class_3,inter_slice_dice_mean_class_4,inter_slice_dice_std_class_4,inter_slice_dice_mean_average,inter_slice_dice_std_average
1733,MagPhase_patch_5_adamw_aug_12,0.9492083322055714,0.0494315556154564,0.9255437719384462,0.0650229357041228,0.8151448945896241,0.137202521634479,0.794050813410009,0.1445080667282406,0.8713912310893255,0.0622465503670702
1735,MagPhase_patch_5_adamw_aug_14,0.949212995259524,0.0486828620821245,0.9315530440890664,0.0634858966087271,0.8254309548278551,0.1467447058301822,0.8130828032587979,0.1437508047760747,0.8826982436315354,0.0646182417191714
1736,MagPhase_patch_5_adamw_aug_15,0.9530193515134464,0.0402083017295353,0.9256093911269848,0.0678177876631434,0.8066194476854908,0.1549888890085813,0.8049826302940681,0.1580105430072582,0.8762473086146905,0.0695608804501378
1741,MagPhase_patch_5_adamw_aug_20,0.9459320690945394,0.0496741568319352,0.9262364443661582,0.0625718632551301,0.8161211451863382,0.1475097749878568,0.803055522236541,0.1474812901348119,0.8770693954967385,0.0685285918322978
1742,MagPhase_patch_5_adamw_aug_21,0.94916762489193,0.0463490713435379,0.929643924487495,0.0584258106802962,0.8289076855185177,0.1392074720671007,0.7941282505383217,0.1528980442616409,0.8779569855462015,0.0686936880339505
1743,MagPhase_patch_5_adamw_aug_22,0.950734316668138,0.0457859465845951,0.9295501067678102,0.0614343393698361,0.8185565961718658,0.1413651788416274,0.8238152414941301,0.1618280666313847,0.8816572123958974,0.0634046518927551
