dataset_id,experiment_name,inter_slice_dice_mean_class_1,inter_slice_dice_std_class_1,inter_slice_dice_mean_class_2,inter_slice_dice_std_class_2,inter_slice_dice_mean_class_3,inter_slice_dice_std_class_3,inter_slice_dice_mean_class_4,inter_slice_dice_std_class_4,inter_slice_dice_mean_average,inter_slice_dice_std_average
2012,MagPhase_noise_transfer_aug12_rot_xyz,0.9495271998188984,0.0480370519504716,0.9297890640990536,0.0645899886059196,0.816502838611267,0.15051338300553,0.8454483737115929,0.1154813019650759,0.8869494207886991,0.0610833461863552
2002,MagPhase_noise_transfer_aug14_rot_x,0.9545651738969906,0.0404929675586557,0.9373539288782324,0.0548466023679257,0.8485098134602597,0.1328218387062855,0.8335331933679159,0.1547391293452651,0.898377814470159,0.0587242613793528
2003,MagPhase_noise_transfer_aug15_rot_z,0.9535013266265804,0.0419662514827359,0.9329950143763092,0.0607639795367666,0.8375238334893857,0.148334019874428,0.8698417362009914,0.0911586965839875,0.9007312655408264,0.0575153652132055
2007,MagPhase_noise_transfer_aug20_trans_xz,0.947866657636986,0.0492736985852304,0.9302473921702316,0.0600686110860564,0.8424579525999916,0.1320668151634681,0.8478390192831348,0.1043884460264303,0.8950850821993867,0.0546478282834755
2008,MagPhase_noise_transfer_aug21_rot_yz,0.9522576535818406,0.0441972670376187,0.9346204492516044,0.061958508551107,0.8424353264537701,0.1571390903719505,0.8312463416018642,0.1473793259171158,0.895236679217494,0.0652927653939525
2009,MagPhase_noise_transfer_aug22_rot_xy,0.9497330531089668,0.0501049453750316,0.9314064651227378,0.0654116323422997,0.8354667787094965,0.15212593943689,0.8687257455893105,0.1013411256907731,0.898981740666477,0.0626191279018359
