dataset_id,experiment_name,Relative_TV_Z_mean_class_1,Relative_TV_Z_mean_class_2,Relative_TV_Z_mean_class_3,Relative_TV_Z_mean_class_4,Relative_TV_Z_mean_average
1734,MagPhase_patch_5_adamw_aug_13,0.0011057650241473038,-0.0019778148635506976,-0.041920156304334266,-0.08298431360324521,-0.030979764042910418
1737,MagPhase_patch_5_adamw_aug_16,-0.01920101859194659,-0.022212109989722978,-0.0735292720514159,-0.0940419940156646,-0.0489135592167147
1738,MagPhase_patch_5_adamw_aug_17,0.003450318839331612,0.002781003329789117,-0.027872227875853917,-0.06382883495778802,-0.018982233972158313
1739,MagPhase_patch_5_adamw_aug_18,-0.007237877790395891,-0.014879455533336694,-0.05616332242515287,-0.04903815086555702,-0.037145319371979624
1740,MagPhase_patch_5_adamw_aug_19,-0.005011606674023894,-0.012831673085762996,-0.06218712859259662,-0.07642287046121521,-0.03313178810188511
1744,MagPhase_patch_5_adamw_aug_23,-0.0261302402227713,-0.030680427929578702,-0.016561291073224016,-0.029555796820183278,-0.02559646001855692
