dataset_id,experiment_name,Relative_TV_Z_mean_class_1,Relative_TV_Z_mean_class_2,Relative_TV_Z_mean_class_3,Relative_TV_Z_mean_class_4,Relative_TV_Z_mean_average
2001,MagPhase_noise_transfer_aug13_rot_y,-0.000399192433958806,0.0031574670849091047,0.005981339745564085,0.0020798248778520767,0.0038845928018649
2004,MagPhase_noise_transfer_aug16_rot_xyz,-0.007238238945572489,-0.011349850545957885,-0.014181446213708926,-0.0028297691570644268,-0.012428119907445495
2005,MagPhase_noise_transfer_aug17_trans_y,-0.0028659510529119026,-0.009180642644661785,-0.018221983167437117,0.0031765120893659793,-0.0064961254208664165
2006,MagPhase_noise_transfer_aug18_trans_x,-0.003966580486507193,-0.009116077969069908,-0.031761443333748696,-0.007381654355126804,-0.01507976011148951
2010,MagPhase_noise_transfer_aug19_trans_z,-0.0025062946323129998,-0.002950951546095787,0.007526585590763579,0.021889826836475,0.007543087640580898
2011,MagPhase_noise_transfer_aug22_trans_xz,-0.005522770806044408,-0.010579499623369598,-0.026989115408432796,-0.0011910223643649132,-0.011726426535186296
