dataset_id,experiment_name,Relative_TV_Z_mean_class_1,Relative_TV_Z_mean_class_2,Relative_TV_Z_mean_class_3,Relative_TV_Z_mean_class_4,Relative_TV_Z_mean_average
2012,MagPhase_noise_transfer_aug12_rot_xyz,0.0704652204706275,0.07483943874761351,0.1391166749389558,0.15822660645752779,0.10848804669385928
2002,MagPhase_noise_transfer_aug14_rot_x,0.0569586454641646,0.05848733519698718,0.08878403072114172,0.1730332283302572,0.08559663572948858
2003,MagPhase_noise_transfer_aug15_rot_z,0.05918829689492058,0.06953608847114728,0.08733955276525002,0.1195305528968007,0.07927411479009219
2007,MagPhase_noise_transfer_aug20_trans_xz,0.07762107524958697,0.0859461697941194,0.10228624845499051,0.1552645432918175,0.10094450722557338
2008,MagPhase_noise_transfer_aug21_rot_yz,0.059781990073235786,0.06316207475185959,0.0951732745224586,0.1759157183566365,0.09052018527164488
2009,MagPhase_noise_transfer_aug22_rot_xy,0.05953975357488231,0.063366957046404,0.1077061524140957,0.10953381988651018,0.07975987840027607
