dataset_id,experiment_name,Relative_TV_Z_mean_class_1,Relative_TV_Z_mean_class_2,Relative_TV_Z_mean_class_3,Relative_TV_Z_mean_class_4,Relative_TV_Z_mean_average
1733,MagPhase_patch_5_adamw_aug_12,0.047826461877385096,0.04758986151581551,0.04052703686571729,0.08632706831874348,0.06030306223991522
1735,MagPhase_patch_5_adamw_aug_14,0.04123444053621911,0.03599215932591293,0.03236797150207371,0.06847550656030399,0.044579004762488494
1736,MagPhase_patch_5_adamw_aug_15,0.0452625161154227,0.050859635192342434,0.051712671284388,0.0863294767738294,0.05783299397851288
1741,MagPhase_patch_5_adamw_aug_20,0.06049523035493992,0.060921218369393515,0.05278457320223956,0.0952186075527367,0.06575155973111618
1742,MagPhase_patch_5_adamw_aug_21,0.04689301650258171,0.04767763562040789,0.034694877793758405,0.07982354218482102,0.05399630803955119
1743,MagPhase_patch_5_adamw_aug_22,0.04517865160545381,0.0411001186219343,0.037416694201881595,0.06163203235541542,0.047222998557177376
