dataset_id,experiment_name,TV_Y_mean_class_1,TV_Y_std_class_1,TV_Y_mean_class_2,TV_Y_std_class_2,TV_Y_mean_class_3,TV_Y_std_class_3,TV_Y_mean_class_4,TV_Y_std_class_4,TV_Y_mean_average,TV_Y_std_average
1734,MagPhase_patch_5_adamw_aug_13,0.7345063593322704,0.0727124290230799,0.692724987466874,0.0814441335840739,0.6939731126035147,0.0946957225333676,0.708108001293789,0.0894590163838978,0.704891383013265,0.0649923577161651
1737,MagPhase_patch_5_adamw_aug_16,0.7374198529676591,0.0771555864815729,0.6763451875495352,0.0624205969137214,0.7263520326314176,0.1723349957736124,0.7191909003170974,0.1331457205238166,0.7121898765214517,0.0867965289918998
1738,MagPhase_patch_5_adamw_aug_17,0.7366242466606252,0.0799070047012346,0.6826698796141919,0.0824414235259848,0.7038530896905323,0.1407189630221675,0.7217134254676805,0.1138049989683057,0.7100269165156206,0.0819293023503576
1739,MagPhase_patch_5_adamw_aug_18,0.7405834339471712,0.0782957772165077,0.6880163274755474,0.0873509160395278,0.6722737098114052,0.0794429425401493,0.7204867211128755,0.1540767267192333,0.702289723976549,0.0675037805747062
1740,MagPhase_patch_5_adamw_aug_19,0.7369103386513383,0.0753062239749322,0.6846587352156104,0.0784340087606213,0.6995740227619569,0.1070638421255247,0.7168781356830669,0.1030071670238679,0.7078015403081033,0.0663652711565972
1744,MagPhase_patch_5_adamw_aug_23,0.7345082084919162,0.0734656243236872,0.6813143280222811,0.0771104880594043,0.69413224507383,0.1501829834704426,0.6958702809181879,0.1449895758241681,0.6992903131940015,0.0832813710611335
