dataset_id,experiment_name,TV_Y_mean_class_1,TV_Y_std_class_1,TV_Y_mean_class_2,TV_Y_std_class_2,TV_Y_mean_class_3,TV_Y_std_class_3,TV_Y_mean_class_4,TV_Y_std_class_4,TV_Y_mean_average,TV_Y_std_average
2001,MagPhase_noise_transfer_aug13_rot_y,0.733991570240235,0.0684363360481795,0.6873974541486653,0.0723538599386326,0.7142073761785271,0.1034309471561304,0.7277575771947685,0.0985256736347033,0.7144133747690199,0.0650401277015145
2004,MagPhase_noise_transfer_aug16_rot_xyz,0.7249864194996156,0.0628564166035903,0.6777098280266622,0.0715614296586939,0.7030948656038908,0.1041657651387049,0.7297306971480255,0.1175784429864749,0.7063852088120549,0.0709031736784792
2005,MagPhase_noise_transfer_aug17_trans_y,0.7327665133764628,0.0680775387177785,0.680796408516848,0.0691323319368228,0.7236357055751371,0.1113619205362915,0.7196497682727551,0.1189094551491944,0.7147051991412215,0.0663855998540302
2006,MagPhase_noise_transfer_aug18_trans_x,0.7313971077205821,0.0669212541512501,0.6815656145496427,0.0756000161324559,0.7002838310553855,0.0827469110992209,0.7049689163742342,0.1022447879894059,0.7025770201689909,0.0622339083609548
2010,MagPhase_noise_transfer_aug19_trans_z,0.7334291752869548,0.0723995050459644,0.6827930157116088,0.0793832777336413,0.7042313201924856,0.1034470904113333,0.7258363143165707,0.1324685101930566,0.7123140851432888,0.0700277335426845
2011,MagPhase_noise_transfer_aug22_trans_xz,0.7322100401292371,0.0667715162278092,0.6813916716790872,0.0735602912569906,0.7076409299691788,0.0882161227711383,0.720904746703032,0.1311751332973214,0.7096814117692853,0.0701564861415416
