dataset_id,experiment_name,TV_Y_mean_class_1,TV_Y_std_class_1,TV_Y_mean_class_2,TV_Y_std_class_2,TV_Y_mean_class_3,TV_Y_std_class_3,TV_Y_mean_class_4,TV_Y_std_class_4,TV_Y_mean_average,TV_Y_std_average
1733,MagPhase_patch_5_adamw_aug_12,0.7266643533372317,0.0739123496551201,0.6973524332772285,0.0870577776115517,0.6366907176191261,0.1025070682579834,0.7096325958283429,0.0980288855651829,0.6921330495235949,0.0687711848774087
1735,MagPhase_patch_5_adamw_aug_14,0.7228156652538257,0.0679467463774664,0.6825240996087664,0.0814809498714804,0.6606478681056235,0.1098035672857118,0.671240000123513,0.0969198442445089,0.685546798698379,0.0673699222696194
1736,MagPhase_patch_5_adamw_aug_15,0.7320238139825216,0.0770169597233653,0.67907018142195,0.0705653646182749,0.6236859058215964,0.1028169677231143,0.7134944047805007,0.1653565190614286,0.685062909548175,0.0693995374210906
1741,MagPhase_patch_5_adamw_aug_20,0.7197017456044794,0.063869329592373,0.6792966258456945,0.0731852341496022,0.6554807683941308,0.0879431757957863,0.7095556185703723,0.1174459565928887,0.6890666232137536,0.0582407054506293
1742,MagPhase_patch_5_adamw_aug_21,0.7262420737457311,0.0702128111220964,0.6845419107457346,0.077154204214703,0.6470077348135239,0.0983715223143815,0.7158041747241983,0.1163290233934507,0.6935173106975144,0.0613417702644759
1743,MagPhase_patch_5_adamw_aug_22,0.7279191585209397,0.0675983592630303,0.6896948101562596,0.0802554246667007,0.6451936787017164,0.0963257900783104,0.7429029856698044,0.1757767505636124,0.6940537497503909,0.0756552997425711
