dataset_id,experiment_name,TV_Y_mean_class_1,TV_Y_std_class_1,TV_Y_mean_class_2,TV_Y_std_class_2,TV_Y_mean_class_3,TV_Y_std_class_3,TV_Y_mean_class_4,TV_Y_std_class_4,TV_Y_mean_average,TV_Y_std_average
2012,MagPhase_noise_transfer_aug12_rot_xyz,0.7282772529050199,0.0662348525138886,0.6955224661890411,0.0784274529440716,0.6807036295730653,0.0864636379784172,0.7223830913732705,0.1206685144905705,0.7040844058428974,0.0641741648806938
2002,MagPhase_noise_transfer_aug14_rot_x,0.7253768610936351,0.0672760874454062,0.6760096654545341,0.0669042439220832,0.6844765023025611,0.0787722241793542,0.7354485848854238,0.1854398416002159,0.7003275175551648,0.0622698454533321
2003,MagPhase_noise_transfer_aug15_rot_z,0.7268943947477438,0.0655020677385262,0.6761213301431834,0.0632450781753459,0.672607843525458,0.094193455004556,0.7120137286123431,0.0933866713641231,0.6949976119310813,0.0605765460768742
2007,MagPhase_noise_transfer_aug20_trans_xz,0.7167781126251349,0.0584122958477249,0.6745308566840342,0.0648962276537509,0.6612247160765511,0.0682288777843856,0.7231672888935377,0.1486266246539866,0.6901875432476058,0.0595085437810781
2008,MagPhase_noise_transfer_aug21_rot_yz,0.726466145936337,0.0647416647149059,0.6833084119034922,0.0679848300912186,0.7076204306914903,0.1585751707681737,0.7525808949577109,0.1813704684043395,0.7131385672786206,0.0799126887351734
2009,MagPhase_noise_transfer_aug22_rot_xy,0.7291515885355642,0.0680481176473983,0.6874807519234217,0.0667574341668516,0.6879618232710096,0.079171838447219,0.7167103851232823,0.0805192923435901,0.7037821422127937,0.0581824077082256
