dataset_id,experiment_name,sphericity_mean_class_1,sphericity_std_class_1,sphericity_mean_class_2,sphericity_std_class_2,sphericity_mean_class_3,sphericity_std_class_3,sphericity_mean_class_4,sphericity_std_class_4,sphericity_mean_average,sphericity_std_average
1734,MagPhase_patch_5_adamw_aug_13,0.1885034763470045,0.0569405160246504,0.2176428191594611,0.0697517272777767,0.2825653198125226,0.0872307122857855,0.2583215995396862,0.0764109909217101,0.2353680091299553,0.0513813428128321
1737,MagPhase_patch_5_adamw_aug_16,0.1917002677301553,0.0581861170028894,0.2260641395629024,0.0755261900623407,0.3379020458137683,0.1401774090974142,0.2963550601428344,0.1455494097871534,0.2621165321048579,0.0732181685740079
1738,MagPhase_patch_5_adamw_aug_17,0.1871247980134733,0.0579862632177032,0.2201000433705851,0.0693632131162846,0.3338141654162893,0.151397947906823,0.2803153366911285,0.1164854522166635,0.2561866302703918,0.0791962340908547
1739,MagPhase_patch_5_adamw_aug_18,0.1885101370158933,0.0570400902328336,0.2207465417574621,0.0688349368176095,0.3143881459486853,0.1285805884497294,0.2972520833403743,0.1628301530597422,0.2501277527349954,0.0698830445326219
1740,MagPhase_patch_5_adamw_aug_19,0.1878788903258439,0.0565864311541064,0.2213402588372098,0.0689101365968967,0.3141980232603116,0.1142607611503154,0.2775637346372555,0.1064479448205881,0.2516506023248646,0.0657763147576494
1744,MagPhase_patch_5_adamw_aug_23,0.1979640928352203,0.0566223958954646,0.2210173184654146,0.0693190824629371,0.310472892715427,0.1333050027140176,0.3127036611241634,0.1465016753047517,0.2567493793404206,0.0744257061686336
