dataset_id,experiment_name,sphericity_mean_class_1,sphericity_std_class_1,sphericity_mean_class_2,sphericity_std_class_2,sphericity_mean_class_3,sphericity_std_class_3,sphericity_mean_class_4,sphericity_std_class_4,sphericity_mean_average,sphericity_std_average
2001,MagPhase_noise_transfer_aug13_rot_y,0.1969794896191362,0.0567341719308559,0.2269643534454611,0.0808740412581041,0.3490365039930962,0.1354584873785878,0.2815104465047509,0.0988532624815275,0.2654069395911589,0.0695049856342107
2004,MagPhase_noise_transfer_aug16_rot_xyz,0.195129307426156,0.0556346410232338,0.2257332504634565,0.0725393994629001,0.3197672411383133,0.1086682613645876,0.2763862785630184,0.0914954987020324,0.2517535524378335,0.0603185462391191
2005,MagPhase_noise_transfer_aug17_trans_y,0.193893501350001,0.0563454824165354,0.2217847761718004,0.0688216469756396,0.3524781798357047,0.1457210292442067,0.285904393960991,0.1113210561250355,0.2654873264103424,0.0762718389033534
2006,MagPhase_noise_transfer_aug18_trans_x,0.1947045413461765,0.0550709299760791,0.2228956633112745,0.0705565065735265,0.3414709660224063,0.1453620985374026,0.2752532301218527,0.0998856913373129,0.2576311094866372,0.0725809731967417
2010,MagPhase_noise_transfer_aug19_trans_z,,,,,,,,,,
2011,MagPhase_noise_transfer_aug22_trans_xz,0.195503400722915,0.0540510122910863,0.2257942009367203,0.0739684981401853,0.3480466603370967,0.1476172443542124,0.2771972867569716,0.097893194981611,0.2617236215654374,0.0704469707454283
