dataset_id,experiment_name,sphericity_mean_class_1,sphericity_std_class_1,sphericity_mean_class_2,sphericity_std_class_2,sphericity_mean_class_3,sphericity_std_class_3,sphericity_mean_class_4,sphericity_std_class_4,sphericity_mean_average,sphericity_std_average
2012,MagPhase_noise_transfer_aug12_rot_xyz,,,,,,,,,,
2002,MagPhase_noise_transfer_aug14_rot_x,0.1904483487444971,0.0517007446892061,0.212343087625132,0.0636512924224468,0.3121763719867317,0.1062734745088116,0.3055451724857959,0.1975507716933372,0.250194682520225,0.0748541026598958
2003,MagPhase_noise_transfer_aug15_rot_z,0.1914971002929575,0.0525851611761029,0.2159418523510488,0.0647782458049671,0.3054143792970922,0.1023740709486643,0.2597021260163483,0.0879889273766621,0.2419630771206156,0.0582474435021307
2007,MagPhase_noise_transfer_aug20_trans_xz,0.1853591820862387,0.0531859089577154,0.2089209241940679,0.0608268886122464,0.3050644888401205,0.104781756229294,0.2588173781383585,0.0977510112768461,0.2380533441546526,0.0608069054550839
2008,MagPhase_noise_transfer_aug21_rot_yz,0.190103570736781,0.0527245711198335,0.2162274210415851,0.0666888207956279,0.3122479953498106,0.1128899738549227,0.3566217631625475,0.3011080843782154,0.2620506020664713,0.0999221715323532
2009,MagPhase_noise_transfer_aug22_rot_xy,0.1888981124625194,0.0526095261455197,0.2170234326152302,0.0674568492681967,0.3112571251216085,0.1447404134808881,0.2633254561475655,0.1039727030534265,0.244270150269715,0.0730490962419509
