dataset_id,experiment_name,sphericity_mean_class_1,sphericity_std_class_1,sphericity_mean_class_2,sphericity_std_class_2,sphericity_mean_class_3,sphericity_std_class_3,sphericity_mean_class_4,sphericity_std_class_4,sphericity_mean_average,sphericity_std_average
1733,MagPhase_patch_5_adamw_aug_12,0.1899698222260365,0.0548664935596728,0.2085258603287555,0.0625871120878399,0.2564297800086057,0.061231845370907,0.3083363541466198,0.1465678758597371,0.2402910573590411,0.0611827815325669
1735,MagPhase_patch_5_adamw_aug_14,0.187629594158752,0.0527238709606467,0.2111026985015981,0.0618174167153949,0.2820536792583574,0.0830390414768979,0.2934360269221305,0.1273601318679073,0.2413915927564397,0.0587471490830396
1736,MagPhase_patch_5_adamw_aug_15,0.1881567365744958,0.0539177753846867,0.2124699992847781,0.0634723759636556,0.2612397641081271,0.0701445141843493,0.3368107480203312,0.2518514259470026,0.2439529381152642,0.0798727827140541
1741,MagPhase_patch_5_adamw_aug_20,0.1811422772448681,0.0540695182251938,0.2046841052115943,0.0589604863347831,0.2715390974035757,0.0883399964245692,0.2992378782082082,0.152335669835762,0.2355771399447354,0.0657704660235106
1742,MagPhase_patch_5_adamw_aug_21,0.1861273731145471,0.0515793085044075,0.2114447821344875,0.0627190392710454,0.2580492672026157,0.0682453077397962,0.3064797015093192,0.1321849882366123,0.2392013546234213,0.0583156797498577
1743,MagPhase_patch_5_adamw_aug_22,0.1861296442366458,0.0526773735975911,0.2091875348765171,0.062839132911989,0.2650399017179177,0.0583090284241655,0.3316374370662874,0.2750058749480054,0.2407727642164819,0.0801088245758753
