Experiment Name,Mode,Config,Dice_White Matter_Mean,Dice_White Matter_Std,HD95_White Matter_Mean,HD95_White Matter_Std,Dice_Gray Matter_Mean,Dice_Gray Matter_Std,HD95_Gray Matter_Mean,HD95_Gray Matter_Std,Dice_Lesion WM_Mean,Dice_Lesion WM_Std,HD95_Lesion WM_Mean,HD95_Lesion WM_Std,Dice_Lesion GM_Mean,Dice_Lesion GM_Std,HD95_Lesion GM_Mean,HD95_Lesion GM_Std,Dice_Total_Mean,Dice_Total_Std,HD95_Total_Mean,HD95_Total_Std
base_no_otsu,validation,Cross-Fold,0.8468801733452722,0.08667511743582222,0.6887073776975622,0.3205705142263279,0.822330133203014,0.06373109699996166,0.7714387504573512,0.408676593796757,0.7198236633199265,0.0415471349793274,0.8478475110121516,0.2751465070477314,0.6446826592132378,0.020571058820160196,0.5864805885989575,0.2601701725026263,0.7584291572703626,0.04081010255020057,0.7236185569415057,0.30344637662869633
base,validation,Cross-Fold,0.8484998693184642,0.0874777596655922,0.7832212402539862,0.35076968814127013,0.8193823309627661,0.06651237578128542,0.7418667298634731,0.3231651167910788,0.7293337180722902,0.04003900604073363,0.9161972055289132,0.27283895466142627,0.6652832771730743,0.021401113660544164,0.5831466903458955,0.27788064203610996,0.7656247988816487,0.0414945514259104,0.756107966498067,0.2753217330880376
