Experiment Name,Mode,Config,Dice_White Matter_Mean,Dice_White Matter_Std,HD95_White Matter_Mean,HD95_White Matter_Std,Dice_Gray Matter_Mean,Dice_Gray Matter_Std,HD95_Gray Matter_Mean,HD95_Gray Matter_Std,Dice_Lesion WM_Mean,Dice_Lesion WM_Std,HD95_Lesion WM_Mean,HD95_Lesion WM_Std,Dice_Lesion GM_Mean,Dice_Lesion GM_Std,HD95_Lesion GM_Mean,HD95_Lesion GM_Std,Dice_Total_Mean,Dice_Total_Std,HD95_Total_Mean,HD95_Total_Std
base,validation,Cross-Fold,0.8484998693184642,0.0874777596655922,0.7832212402539862,0.35076968814127013,0.8193823309627661,0.06651237578128542,0.7418667298634731,0.3231651167910788,0.7293337180722902,0.04003900604073363,0.9161972055289132,0.27283895466142627,0.6652832771730743,0.021401113660544164,0.5831466903458955,0.27788064203610996,0.7656247988816487,0.0414945514259104,0.756107966498067,0.2753217330880376
phase_prepro,validation,Cross-Fold,0.8214046456013034,0.09608880593176639,0.7513540618380097,0.327908609429001,0.8023556159946037,0.07310999704798857,0.7990469024104799,0.3425576619646608,0.6498133196778583,0.09612625002377072,1.043563993754984,0.2897110581913355,0.5980697091392367,0.05230020322941861,0.6746177493306034,0.28121044968241177,0.7179108226032506,0.03558341375344595,0.8171456768335192,0.2946934285152206
mag_prepro,validation,Cross-Fold,0.6443183669573278,0.14151077715669427,1.098526601661478,0.37666736294218767,0.715480421817413,0.09515975272648583,1.154280624037953,0.5053824606177826,0.49042178952974724,0.1278135287526684,2.196229081516132,0.6369527911203309,0.41521346203751136,0.038917771107629374,1.2520631261441277,0.35252565524843416,0.5663585100854999,0.034420110457877934,1.4252748583399226,0.18459777130769583
