Experiment Name,Mode,Config,Dice_White Matter_Mean,Dice_White Matter_Std,HD95_White Matter_Mean,HD95_White Matter_Std,Dice_Gray Matter_Mean,Dice_Gray Matter_Std,HD95_Gray Matter_Mean,HD95_Gray Matter_Std,Dice_Lesion WM_Mean,Dice_Lesion WM_Std,HD95_Lesion WM_Mean,HD95_Lesion WM_Std,Dice_Lesion GM_Mean,Dice_Lesion GM_Std,HD95_Lesion GM_Mean,HD95_Lesion GM_Std,Dice_Total_Mean,Dice_Total_Std,HD95_Total_Mean,HD95_Total_Std
soft_loss_2_fixed,validation,Cross-Fold,0.8456184160523047,0.09438191101980284,0.7992548820828936,0.4152511735670582,0.8280958778359969,0.06400773928185545,0.7423061291945758,0.3136006585002369,0.7443949900578459,0.019426082469294732,0.9063892169462935,0.39542457653225976,0.6717238895494965,0.008342288526201827,0.5592809587394032,0.2930037980851918,0.772458293373911,0.04055473432209187,0.7518077967407916,0.33065131892093447
soft_loss_2_fixed,validation,Cross-Fold (TTA),0.8483919249009055,0.08965520619639597,0.7897892856547151,0.40922543098584785,0.8292505639942473,0.06177161617266899,0.7225225409876336,0.3005698059820385,0.7399193397019126,0.040080029349009644,0.829996297429654,0.31375330871207835,0.6777622436415777,0.00631611253002791,0.5324505601675115,0.25873035361029445,0.7738310180596608,0.03555586501685118,0.7186896710598785,0.2949065290521821
