dataset_id,experiment_name,Relative_TV_X_mean_class_1,Relative_TV_X_mean_class_2,Relative_TV_X_mean_class_3,Relative_TV_X_mean_class_4,Relative_TV_X_mean_average
2001,MagPhase_noise_transfer_aug13_rot_y,-0.0033046237869069905,-0.009058873729840378,-0.012447772161861326,-0.008895958474819832,-0.009474559028530116
2004,MagPhase_noise_transfer_aug16_rot_xyz,-0.0006515424225052024,0.003121826094312219,0.04984447550444138,-0.0077647277989699726,0.01054414244804236
2005,MagPhase_noise_transfer_aug17_trans_y,0.0017021158514138879,0.0025506785537288135,0.015412699644259842,0.0027700291048442516,0.005777061528033367
2006,MagPhase_noise_transfer_aug18_trans_x,-0.001436307518700053,0.0003150063939469927,0.0074450134178762895,0.0003977346271094584,0.0016320352254601822
2010,MagPhase_noise_transfer_aug19_trans_z,-0.0009503283161217402,-0.0014452776353525154,-0.0036261948115772213,-0.0031972897987705418,-0.0031263939185518508
2011,MagPhase_noise_transfer_aug22_trans_xz,-0.001546537672108439,0.0012810213027516504,-0.0028234507871395254,0.008634527306814355,0.0006323604590153797
