dataset_id,experiment_name,Relative_TV_X_mean_class_1,Relative_TV_X_mean_class_2,Relative_TV_X_mean_class_3,Relative_TV_X_mean_class_4,Relative_TV_X_mean_average
1734,MagPhase_patch_5_adamw_aug_13,-0.000450974180899788,-0.0015978230922802927,0.013103685777314467,-0.018990984854294735,0.0023281106498515003
1737,MagPhase_patch_5_adamw_aug_16,0.0013388300634157302,0.004254030389033825,0.06180541880983603,0.008024251041259811,0.022519984598904697
1738,MagPhase_patch_5_adamw_aug_17,0.0030831751626281267,-0.0038699302887602594,0.05605007800766182,-0.010375568325204143,0.016878020816025407
1739,MagPhase_patch_5_adamw_aug_18,0.004380974202775834,0.004300241019911777,0.024080079024037748,0.025889678767134328,0.01625638264482121
1740,MagPhase_patch_5_adamw_aug_19,0.0008407133261836286,-0.003172028471848387,0.038981771674097776,-0.009096686619653571,0.009802500855333629
1744,MagPhase_patch_5_adamw_aug_23,0.001612267442650528,0.003870466605226386,0.05552508899840347,-0.011766222219180889,0.0160970747179503
