dataset_id,experiment_name,Relative_TV_X_mean_class_1,Relative_TV_X_mean_class_2,Relative_TV_X_mean_class_3,Relative_TV_X_mean_class_4,Relative_TV_X_mean_average
2012,MagPhase_noise_transfer_aug12_rot_xyz,-0.015775753816190674,-0.019506224301891528,-0.03137539790115296,-0.0018536932846690002,-0.019884374290128237
2002,MagPhase_noise_transfer_aug14_rot_x,-0.006579356846023843,-0.005004591334020203,-0.02510941407800016,0.016850373698492183,-0.008061885000611446
2003,MagPhase_noise_transfer_aug15_rot_z,-0.010215566545037746,-0.011567981841527408,-0.007129672056995329,-0.035433809025905094,-0.0152447600912895
2007,MagPhase_noise_transfer_aug20_trans_xz,-0.01194249342250997,-0.009919410378805282,-0.03051420193071641,-0.008352366061857852,-0.01595997353344114
2008,MagPhase_noise_transfer_aug21_rot_yz,-0.01267826765532809,-0.019203464375667556,-0.02631333892871479,-0.0002708229976577936,-0.01607464501680611
2009,MagPhase_noise_transfer_aug22_rot_xy,-0.008571005303643076,-0.016006437509139104,-0.003029553369347515,-0.021091378786741055,-0.01145075333958867
