dataset_id,experiment_name,Relative_TV_X_mean_class_1,Relative_TV_X_mean_class_2,Relative_TV_X_mean_class_3,Relative_TV_X_mean_class_4,Relative_TV_X_mean_average
1733,MagPhase_patch_5_adamw_aug_12,-0.014660005904088114,-0.01596065358079579,-0.024455270256267148,-0.029873539296112694,-0.01868587489138318
1735,MagPhase_patch_5_adamw_aug_14,-0.005780382807523576,-0.005007226885057503,0.015659085309388754,-0.02193364326558256,-0.0007681636309069262
1736,MagPhase_patch_5_adamw_aug_15,-0.011720933692792368,-0.005184644146947859,-0.013991747931417109,-0.010608426122198034,-0.007746951177687533
1741,MagPhase_patch_5_adamw_aug_20,-0.010278687990193824,-0.005163669006326921,0.006707473612305392,0.032404298203341786,0.005562084218966201
1742,MagPhase_patch_5_adamw_aug_21,-0.009232552803954408,-0.015601807571282378,-0.0008039211876708086,0.0011368247725429548,-0.0032925698472814346
1743,MagPhase_patch_5_adamw_aug_22,-0.009135549330544612,-0.013457822217826876,-0.0051833183561860174,0.00617153403512305,-0.007043691267094587
