dataset_id,experiment_name,TV_Z_mean_class_1,TV_Z_std_class_1,TV_Z_mean_class_2,TV_Z_std_class_2,TV_Z_mean_class_3,TV_Z_std_class_3,TV_Z_mean_class_4,TV_Z_std_class_4,TV_Z_mean_average,TV_Z_std_average
1734,MagPhase_patch_5_adamw_aug_13,0.2315559224934666,0.0649175924060959,0.2289016706788587,0.0893159723325219,0.4175827514806226,0.1806139583617495,0.3039164011215892,0.1179901014896942,0.2901903937897264,0.0804450486124874
1737,MagPhase_patch_5_adamw_aug_16,0.2112491388773727,0.0648315686982245,0.2086673755526864,0.0935198784411916,0.385973635733541,0.1901698519647419,0.2928587207091698,0.1470594868116252,0.2722565986159221,0.0854127092511485
1738,MagPhase_patch_5_adamw_aug_17,0.2339004763086509,0.0675685949235931,0.2336604888721985,0.0863204170342508,0.431630679909103,0.2207419190684725,0.3230718797670464,0.145212966555265,0.3021879238604785,0.0953209844896292
1739,MagPhase_patch_5_adamw_aug_18,0.2232122796789234,0.0652476125893879,0.2160000300090727,0.083442088614075,0.403339585359804,0.1756243112515669,0.3378625638592774,0.1880293944501795,0.2840248384606572,0.0906544949202698
1740,MagPhase_patch_5_adamw_aug_19,0.2254385507952954,0.0657401903326543,0.2180478124566464,0.0797494392449176,0.3973157791923603,0.1624970499051565,0.3104778442636192,0.1312452463768829,0.2880383697307517,0.0729097894952928
1744,MagPhase_patch_5_adamw_aug_23,0.204319917246548,0.0599532893244518,0.2001990576128307,0.0766361108410983,0.4429416167117329,0.230607031992811,0.3573449179046511,0.2158184949266771,0.2955736978140799,0.1027771355048525
