dataset_id,experiment_name,TV_Z_mean_class_1,TV_Z_std_class_1,TV_Z_mean_class_2,TV_Z_std_class_2,TV_Z_mean_class_3,TV_Z_std_class_3,TV_Z_mean_class_4,TV_Z_std_class_4,TV_Z_mean_average,TV_Z_std_average
2001,MagPhase_noise_transfer_aug13_rot_y,0.2015042219652303,0.0671753291459004,0.1998602724727892,0.1005038222979873,0.3593773188190368,0.159264433788503,0.2532433355280101,0.1004926016377273,0.2523792312638548,0.0726621754305171
2004,MagPhase_noise_transfer_aug16_rot_xyz,0.1946651754536166,0.0633030532182719,0.1853529548419222,0.0789867591023756,0.3392145328597638,0.1696048284816096,0.2483337414930936,0.0999307207027458,0.2360665185545444,0.0771373594983443
2005,MagPhase_noise_transfer_aug17_trans_y,0.1990374633462772,0.0647010102011122,0.1875221627432183,0.0758225014538245,0.3351739959060356,0.1313776546749945,0.254340022739524,0.1033090828802623,0.2419985130411235,0.067536838735019
2006,MagPhase_noise_transfer_aug18_trans_x,0.1979368339126819,0.0638816277955055,0.1875867274188102,0.0749090490542258,0.321634535739724,0.1235885828383236,0.2437818562950312,0.0957926563597439,0.2334148783505004,0.0675510879721352
2010,MagPhase_noise_transfer_aug19_trans_z,0.1993971197668761,0.0655632499189823,0.1937518538417843,0.0841005285405384,0.3609225646642363,0.1559377489937914,0.273053337486633,0.1311638728105784,0.2560377261025708,0.0713610677683873
2011,MagPhase_noise_transfer_aug22_trans_xz,0.1963806435931447,0.0635497165041393,0.1861233057645105,0.0725630541746405,0.3264068636650399,0.1361114572961545,0.2499724882857931,0.1054943562720517,0.2367682119268036,0.0654760315145855
