dataset_id,experiment_name,TV_Z_mean_class_1,TV_Z_std_class_1,TV_Z_mean_class_2,TV_Z_std_class_2,TV_Z_mean_class_3,TV_Z_std_class_3,TV_Z_mean_class_4,TV_Z_std_class_4,TV_Z_mean_average,TV_Z_std_average
2012,MagPhase_noise_transfer_aug12_rot_xyz,0.2723686348698166,0.0744304289735563,0.2715422441354936,0.0953417395476022,0.4925126540124285,0.2021880253659451,0.4093901171076858,0.1572396360248894,0.3569826851558492,0.0932211949561637
2002,MagPhase_noise_transfer_aug14_rot_x,0.2588620598633537,0.0703904188101574,0.2551901405848673,0.0948668275989748,0.4421800097946144,0.174224604934345,0.4241967389804152,0.2390887441217881,0.3340912741914785,0.0894082858362639
2003,MagPhase_noise_transfer_aug15_rot_z,0.2610917112941097,0.0729052101365529,0.2662388938590274,0.1053345109331973,0.4407355318387227,0.1684696046597068,0.3706940635469587,0.1308581915814427,0.3277687532520821,0.0836507088290985
2007,MagPhase_noise_transfer_aug20_trans_xz,0.2795244896487761,0.0787622895987504,0.2826489751819995,0.1016955181942176,0.4556822275284632,0.155767298825189,0.4064280539419755,0.1166891135079278,0.3494391456875633,0.0781151961245118
2008,MagPhase_noise_transfer_aug21_rot_yz,0.2616854044724249,0.0781185396220401,0.2598648801397397,0.1023212968444169,0.4485692535959313,0.2086118889354311,0.4270792290067945,0.231613669115399,0.3390148237336348,0.1058868513490521
2009,MagPhase_noise_transfer_aug22_rot_xy,0.2614431679740714,0.0751844032293417,0.2600697624342841,0.1083750053278208,0.4611021314875684,0.2246711932967446,0.3606973305366682,0.1251189954574998,0.328254516862266,0.0990335998890149
