dataset_id,experiment_name,TV_Z_mean_class_1,TV_Z_std_class_1,TV_Z_mean_class_2,TV_Z_std_class_2,TV_Z_mean_class_3,TV_Z_std_class_3,TV_Z_mean_class_4,TV_Z_std_class_4,TV_Z_mean_average,TV_Z_std_average
1733,MagPhase_patch_5_adamw_aug_12,0.2782766193467044,0.0749803527605905,0.2784693470582249,0.0928424387319338,0.5000299446506742,0.1705872500216465,0.4732277830435779,0.1649137503854502,0.381473220072552,0.0824909656029923
1735,MagPhase_patch_5_adamw_aug_14,0.2716845980055384,0.0755038348685389,0.2668716448683223,0.0934563184345539,0.4918708792870306,0.1957385255980306,0.4553762212851384,0.1930054058827595,0.3657491625951253,0.0980566493930474
1736,MagPhase_patch_5_adamw_aug_15,0.275712673584742,0.074914181104185,0.2817391207347518,0.1004621246403655,0.5112155790693449,0.2062772476850586,0.4732301914986638,0.2272686367220871,0.3790031518111497,0.1007646626279958
1741,MagPhase_patch_5_adamw_aug_20,0.2909453878242592,0.0830785446403148,0.2918007039118029,0.1028220422011116,0.5122874809871965,0.1900579751662098,0.4821193222775711,0.2071262950467499,0.386921717563753,0.0984818514777434
1742,MagPhase_patch_5_adamw_aug_21,0.277343173971901,0.0730265450927576,0.2785571211628173,0.1047372577734147,0.4941977855787153,0.1860921954500728,0.4667242569096554,0.2029981459187869,0.375166465872188,0.09680375193979
1743,MagPhase_patch_5_adamw_aug_22,0.2756288090747731,0.0795004028258329,0.2719796041643437,0.0950485494285248,0.4969196019868385,0.1816291820421358,0.4485327470802498,0.2307593731130568,0.3683931563898142,0.0875940641244588
