dataset_id,experiment_name,Z_Roughness_mean_class_1,Z_Roughness_std_class_1,Z_Roughness_mean_class_2,Z_Roughness_std_class_2,Z_Roughness_mean_class_3,Z_Roughness_std_class_3,Z_Roughness_mean_class_4,Z_Roughness_std_class_4,Z_Roughness_mean_average,Z_Roughness_std_average
1734,MagPhase_patch_5_adamw_aug_13,0.0743897287975399,0.0159374789587943,0.0862353865216147,0.0199144318097205,0.1563737698762053,0.0652440135481554,0.128906096997068,0.0482355650568885,0.1090367001446837,0.0091795737950635
1737,MagPhase_patch_5_adamw_aug_16,0.0697507096445535,0.0123981017421144,0.075925554879934,0.0189452565083568,0.1516821986073097,0.0420431231863844,0.1456566274267489,0.0344434124503151,0.1077600811974275,0.0136364957855639
1738,MagPhase_patch_5_adamw_aug_17,0.0725783887283003,0.0098648940001525,0.0751296385848954,0.0138593293243161,0.1452672009224808,0.0290177658055686,0.1346228692222183,0.0545898320503074,0.1049707128916788,0.0151385318871849
1739,MagPhase_patch_5_adamw_aug_18,0.0719557173787312,0.014203924037935,0.0740848732216092,0.0145007699646487,0.14112292040365,0.0389281501669995,0.148008566986334,0.0293256111597253,0.1036615170296394,0.0093876267485928
1740,MagPhase_patch_5_adamw_aug_19,0.0697384780632002,0.011563747962087,0.0752063080927332,0.0172684069462675,0.1305376121945888,0.030658886938339,0.1454156193156909,0.0336551954770396,0.1030788741925628,0.0054933281949096
1744,MagPhase_patch_5_adamw_aug_23,0.0676363791046532,0.0185467197955625,0.0720007528252134,0.0221216235710484,0.1623916645440543,0.0446026351680344,0.1417168542489962,0.046715067566678,0.1090901782036796,0.0120076907793634
