dataset_id,experiment_name,Z_Roughness_mean_class_1,Z_Roughness_std_class_1,Z_Roughness_mean_class_2,Z_Roughness_std_class_2,Z_Roughness_mean_class_3,Z_Roughness_std_class_3,Z_Roughness_mean_class_4,Z_Roughness_std_class_4,Z_Roughness_mean_average,Z_Roughness_std_average
2001,MagPhase_noise_transfer_aug13_rot_y,0.064680284210743,0.0149537391172863,0.0754769936216413,0.0175513410617427,0.1447818077782791,0.0460326112764783,0.1110013704486311,0.0334840364907081,0.0990589094873486,0.0096812478536823
2004,MagPhase_noise_transfer_aug16_rot_xyz,0.0629384185937036,0.014637399695395,0.0642799740001576,0.0124098184147264,0.1274368136928524,0.0394041739883907,0.1238723972048469,0.0384346263582623,0.0902936360895739,0.0104941632709326
2005,MagPhase_noise_transfer_aug17_trans_y,0.0648066805888246,0.0154827105990061,0.0662665340372232,0.0107320509813566,0.1157111220451622,0.0296598590657548,0.1078866912879569,0.0349041087106585,0.0876951691935563,0.0077871359151751
2006,MagPhase_noise_transfer_aug18_trans_x,0.0650684756531207,0.0150459033910332,0.0690836458904938,0.012830230969267,0.1206782183384967,0.031883525600271,0.1087227186609638,0.0265613760420046,0.087740991042823,0.0046985495234384
2010,MagPhase_noise_transfer_aug19_trans_z,0.0645674321859297,0.0152702118773076,0.068607596793647,0.0138892750111247,0.1283636798275371,0.0434102301022927,0.1348218641978253,0.0385865624484004,0.09764536769186,0.0140320756229559
2011,MagPhase_noise_transfer_aug22_trans_xz,0.0628657769189695,0.0124398961908793,0.0675032248690761,0.0142906997564658,0.10926766722612,0.0314290893037167,0.1162185704329116,0.038636350677618,0.0868328639181438,0.0110203061500798
