dataset_id,experiment_name,Z_Roughness_mean_class_1,Z_Roughness_std_class_1,Z_Roughness_mean_class_2,Z_Roughness_std_class_2,Z_Roughness_mean_class_3,Z_Roughness_std_class_3,Z_Roughness_mean_class_4,Z_Roughness_std_class_4,Z_Roughness_mean_average,Z_Roughness_std_average
1733,MagPhase_patch_5_adamw_aug_12,0.086617472868309,0.0205704703316373,0.1024757143962661,0.024290880325693,0.2148213634482215,0.0843407976036744,0.2062881195511093,0.0527026719484414,0.1523100345223465,0.0319644530725877
1735,MagPhase_patch_5_adamw_aug_14,0.0834842637879434,0.0146146009797816,0.094872853205911,0.0159887381702071,0.1832146147084677,0.067122753318114,0.1952722429721302,0.0309158733043084,0.1367268113317691,0.0191019549754689
1736,MagPhase_patch_5_adamw_aug_15,0.0830075922649555,0.0168845912581325,0.1016780640501289,0.0171200783488361,0.2112324065409365,0.1065682374007779,0.1904530714819562,0.03144377125675,0.1448879315327859,0.0257740662756703
1741,MagPhase_patch_5_adamw_aug_20,0.0941235084362525,0.0149795203863322,0.1078933092548212,0.0160580485691123,0.1934511524526889,0.0737404978531969,0.1803317352600068,0.0408682623999602,0.1421538914471453,0.016714578085452
1742,MagPhase_patch_5_adamw_aug_21,0.0868144344408868,0.015321835425924,0.0999219360149527,0.0192537226254385,0.1906591399712811,0.0589949645441539,0.2062912078211649,0.0582946611310714,0.1437340967771011,0.0230785308301998
1743,MagPhase_patch_5_adamw_aug_22,0.0800864730998337,0.009126110929705,0.1017741760038187,0.0205218421437813,0.1865500428772166,0.0609583931086666,0.1676590230141768,0.028494961311304,0.1345287418425716,0.0126248818744772
