dataset_id,experiment_name,Z_Roughness_mean_class_1,Z_Roughness_std_class_1,Z_Roughness_mean_class_2,Z_Roughness_std_class_2,Z_Roughness_mean_class_3,Z_Roughness_std_class_3,Z_Roughness_mean_class_4,Z_Roughness_std_class_4,Z_Roughness_mean_average,Z_Roughness_std_average
2012,MagPhase_noise_transfer_aug12_rot_xyz,0.0868079703316291,0.019296715646678,0.0950777707530227,0.0133763966266392,0.174625315200746,0.0509404757997188,0.1634771296175687,0.0378690330610458,0.1286088876449747,0.0130415287607202
2002,MagPhase_noise_transfer_aug14_rot_x,0.075314988877489,0.0181939238121937,0.0907090149973587,0.018999324579386,0.148670577790009,0.0530879178923742,0.1529058151530113,0.0462072236656126,0.1151688210964495,0.0098180574815557
2003,MagPhase_noise_transfer_aug15_rot_z,0.07915882552316,0.0187279048826255,0.0935951966797246,0.0156830675623878,0.1402391980285185,0.0288321721645162,0.1485267789374891,0.0376392972340002,0.1116187990630149,0.0105666833222207
2007,MagPhase_noise_transfer_aug20_trans_xz,0.0918487928583307,0.0180759964975763,0.0991255716371066,0.010774851150046,0.1504733442654717,0.0322558577028336,0.1677722594475864,0.0305775569161573,0.1242112840324433,0.0102870319086672
2008,MagPhase_noise_transfer_aug21_rot_yz,0.0816489752353829,0.0167572890530274,0.0893689568320283,0.0135249897746193,0.1536036455712239,0.0273499700555168,0.1625982950808233,0.0316899866024148,0.1169904804117574,0.0105386633972818
2009,MagPhase_noise_transfer_aug22_rot_xy,0.0855716979077097,0.0177449159222988,0.0905031726328996,0.0181436813929129,0.1484806555544986,0.0300507901390577,0.1441706565917006,0.0333437822047604,0.1130465281738172,0.00981384412959
